date,ticker,name,sector,decision,setup_type,final_score,probability_bullish,probability_neutral,probability_bearish,expected_return_5d,prob_hit_tp,close,entry_low,entry_ideal,entry_high,stop_loss,take_profit_1,take_profit_2,risk_reward,confidence,position_lots,position_size,capital_required,estimated_loss,market_regime,sector_score,reject_reasons
2026-10-02,ZAHK,Sample Emiten ZAHK Tbk,Properties & Real Estate,WATCHLIST,HH_HL,66.0,0.3640251000295478,0.37985808939520715,0.25611681057524505,0.009183081433056435,0.20806880512425374,10875.0,10750.0,10875.0,11000.0,9150.0,13450.0,15175.0,1.9927536231884058,LOW,1,100,1087500.0,172500.0,STRONG_BEAR,95.0,stop_too_wide;probability_below_min
2026-10-02,ZADK,Sample Emiten ZADK Tbk,Consumer Non-Cyclicals,WATCHLIST,HH_HL,62.1,0.3402132718889108,0.4337489440729999,0.22603778403808927,0.008351033017878836,0.25034746092136984,17300.0,17150.0,17300.0,17450.0,15625.0,17425.0,21475.0,0.07462686567164178,LOW,1,100,1730000.0,167500.0,STRONG_BEAR,65.0,risk_reward_below_min;probability_below_min
2026-10-02,ZAAK,Sample Emiten ZAAK Tbk,Financials,WATCHLIST,TREND_CONTINUATION,59.6,0.3445051598101332,0.4018833454299438,0.25361149475992295,0.010525926827394455,0.22283742456758576,21275.0,21075.0,21275.0,21475.0,20075.0,22475.0,24275.0,1.0,LOW,2,200,4255000.0,240000.0,STRONG_BEAR,48.75,risk_reward_below_min;probability_below_min;score_below_buy_min
2026-10-02,ZAKK,Sample Emiten ZAKK Tbk,Energy,WATCHLIST,HH_HL,54.8,0.3420289292033569,0.3934608516416021,0.264510219155041,0.005748225269266915,0.18978750141353307,605.0,595.0,605.0,615.0,540.0,635.0,765.0,0.46153846153846156,LOW,38,3800,2299000.0,247000.0,STRONG_BEAR,82.5,stop_too_wide;risk_reward_below_min;probability_below_min;score_below_buy_min
2026-10-02,ZACK,Sample Emiten ZACK Tbk,Basic Materials,WATCHLIST,HH_HL,52.7,0.32262423557936404,0.450116815846064,0.2272589485745719,0.00797013676507609,0.19661591339347118,40575.0,40225.0,40575.0,40925.0,37150.0,40900.0,49125.0,0.0948905109489051,LOW,0,0,0.0,0.0,STRONG_BEAR,41.25,risk_reward_below_min;probability_below_min;position_too_small;score_below_buy_min
2026-10-02,ZBAK,Sample Emiten ZBAK Tbk,Properties & Real Estate,WAIT,HH_HL,48.8,0.3334326719084171,0.419686125289635,0.24688120280194803,0.0024870548931969967,0.2205804912998489,7900.0,7825.0,7900.0,7975.0,7575.0,8375.0,8575.0,1.7692307692307692,LOW,7,700,5530000.0,227500.0,STRONG_BEAR,95.0,probability_below_min;score_below_buy_min
2026-10-02,ZBJK,Sample Emiten ZBJK Tbk,Properties & Real Estate,WAIT,HH_HL,46.4,0.3325548744561786,0.3895414245726931,0.2779037009711284,0.0001416086618022827,0.22056835317137236,4790.0,4740.0,4790.0,4840.0,4420.0,4970.0,5700.0,0.4864864864864865,LOW,6,600,2874000.0,222000.0,STRONG_BEAR,95.0,risk_reward_below_min;probability_below_min;score_below_buy_min
2026-10-02,ZBSK,Sample Emiten ZBSK Tbk,Properties & Real Estate,WAIT,PULLBACK_UPTREND,42.8,0.33023563426704844,0.4111797370447844,0.25858462868816723,0.0009976315732839513,0.16896388134758747,975.0,960.0,975.0,980.0,915.0,1065.0,1100.0,1.7916666666666667,LOW,41,4100,3997500.0,246000.0,STRONG_BEAR,95.0,probability_below_min;score_below_buy_min
2026-10-02,ZAVK,Sample Emiten ZAVK Tbk,Consumer Non-Cyclicals,WAIT,PULLBACK_UPTREND,41.0,0.310726533861132,0.4559115710299517,0.23336189510891625,0.003456507734409715,0.19218594806541037,15250.0,15050.0,15250.0,15325.0,14925.0,15725.0,16050.0,1.9615384615384617,LOW,7,700,10675000.0,227500.0,STRONG_BEAR,65.0,probability_below_min;score_below_buy_min
2026-10-02,ZBCK,Sample Emiten ZBCK Tbk,Energy,WAIT,PULLBACK_UPTREND,40.9,0.31678190535082335,0.45187190247879205,0.23134619217038466,0.003299433614428886,0.20698870217525892,4570.0,4510.0,4570.0,4590.0,4310.0,4960.0,5050.0,1.6730769230769231,LOW,9,900,4113000.0,234000.0,STRONG_BEAR,82.5,probability_below_min;score_below_buy_min
2026-10-02,ZBDK,Sample Emiten ZBDK Tbk,Basic Materials,WAIT,NONE,33.4,0.3167881128724459,0.4265994277692374,0.25661245935831667,0.004182476546223637,0.19599396510178083,1655.0,1635.0,1655.0,1675.0,1560.0,1775.0,1890.0,1.263157894736842,LOW,26,2600,4303000.0,247000.0,STRONG_BEAR,41.25,setup_not_confirmed;risk_reward_below_min;probability_below_min;score_below_buy_min
2026-10-02,ZAYK,Sample Emiten ZAYK Tbk,Healthcare,WAIT,PULLBACK_UPTREND,33.0,0.2952803884481038,0.47811712293354597,0.22660248861835025,0.00411282590358891,0.20174105309692503,1000.0,985.0,1000.0,1005.0,960.0,1060.0,1065.0,1.5625,LOW,62,6200,6200000.0,248000.0,STRONG_BEAR,50.0,probability_below_min;score_below_buy_min
2026-10-02,ZBLK,Sample Emiten ZBLK Tbk,Energy,WAIT,SUPPORT_BOUNCE,31.1,0.2998533336933911,0.44024406436158525,0.2599026019450236,-0.00021799839430605543,0.1686912592354741,6025.0,5925.0,6025.0,6075.0,5725.0,6475.0,6775.0,2.0,LOW,8,800,4820000.0,240000.0,STRONG_BEAR,82.5,probability_below_min;expected_return_not_positive;score_below_buy_min
2026-10-02,ZATK,Sample Emiten ZATK Tbk,Energy,WAIT,SUPPORT_BOUNCE,30.6,0.30750146062350764,0.4138401117896115,0.2786584275868808,-0.001085147204351116,0.16348772772763648,6750.0,6625.0,6750.0,6800.0,6325.0,7375.0,7800.0,1.9705882352941178,LOW,5,500,3375000.0,212500.0,STRONG_BEAR,82.5,probability_below_min;expected_return_not_positive;score_below_buy_min
2026-10-02,ZAEK,Sample Emiten ZAEK Tbk,Infrastructures,WAIT,NONE,29.1,0.30718947563959176,0.4310603849440345,0.26175013941637376,8.71849746299893e-05,0.18323271160030696,1120.0,1105.0,1120.0,1135.0,1055.0,1185.0,1280.0,1.0,LOW,38,3800,4256000.0,247000.0,STRONG_BEAR,51.24999999999999,setup_not_confirmed;risk_reward_below_min;probability_below_min;score_below_buy_min
2026-10-02,ZAWK,Sample Emiten ZAWK Tbk,Infrastructures,WAIT,SUPPORT_BOUNCE,28.9,0.3118877633330566,0.3968201020352246,0.29129213463171866,-0.001360828067309512,0.17703573050013044,700.0,685.0,700.0,705.0,640.0,770.0,850.0,1.1666666666666667,LOW,41,4100,2870000.0,246000.0,STRONG_BEAR,51.24999999999999,risk_reward_below_min;probability_below_min;expected_return_not_positive;score_below_buy_min
2026-10-02,ZASK,Sample Emiten ZASK Tbk,Financials,WAIT,NONE,26.8,0.31502743116196985,0.4218025543791885,0.2631700144588417,0.0021224444123253833,0.18534055174701336,1710.0,1690.0,1710.0,1730.0,1605.0,1865.0,1895.0,1.619047619047619,LOW,23,2300,3933000.0,241500.0,STRONG_BEAR,48.75,setup_not_confirmed;probability_below_min;score_below_buy_min
2026-10-02,ZAGK,Sample Emiten ZAGK Tbk,Healthcare,WAIT,NONE,26.7,0.29410313851015935,0.4693093444228543,0.23658751706698636,0.002765266397286438,0.1693152039431897,7950.0,7875.0,7950.0,8025.0,7550.0,8550.0,8750.0,1.75,LOW,6,600,4770000.0,240000.0,STRONG_BEAR,50.0,setup_not_confirmed;probability_below_min;score_below_buy_min
2026-10-02,ZBKK,Sample Emiten ZBKK Tbk,Financials,WAIT,NONE,26.2,0.3170668197917091,0.4003235108844918,0.28260966932379916,-0.0024762272150251606,0.16839315045342865,95.0,93.0,95.0,97.0,88.0,105.0,112.0,1.9285714285714284,LOW,357,35700,3391500.0,249900.0,STRONG_BEAR,48.75,setup_not_confirmed;probability_below_min;expected_return_not_positive;score_below_buy_min
2026-10-02,ZARK,Sample Emiten ZARK Tbk,Properties & Real Estate,WAIT,NONE,24.0,0.3120071808853053,0.3991918910779704,0.2888009280367243,-0.005021171910111333,0.15503453493755143,67000.0,66125.0,67000.0,67875.0,61775.0,74825.0,80050.0,1.9976076555023923,LOW,0,0,0.0,0.0,STRONG_BEAR,95.0,setup_not_confirmed;probability_below_min;expected_return_not_positive;position_too_small;score_below_buy_min
2026-10-02,ZSUS,Sample Emiten ZSUS Tbk,Consumer Non-Cyclicals,WAIT,NONE,23.7,0.30875863986282703,0.4400404584630997,0.25120090167407333,0.0008955467108745049,0.16586331606452276,398.0,392.0,398.0,404.0,372.0,434.0,462.0,1.3846153846153846,LOW,96,9600,3820800.0,249600.0,STRONG_BEAR,65.0,setup_not_confirmed;risk_reward_below_min;probability_below_min;score_below_buy_min
2026-10-02,ZBEK,Sample Emiten ZBEK Tbk,Consumer Non-Cyclicals,WAIT,NONE,22.7,0.301549804220809,0.40451026617259356,0.2939399296065973,-0.007372940314399926,0.18912562457870516,850.0,840.0,850.0,860.0,805.0,910.0,960.0,1.3333333333333333,LOW,55,5500,4675000.0,247500.0,STRONG_BEAR,65.0,setup_not_confirmed;risk_reward_below_min;probability_below_min;expected_return_not_positive;score_below_buy_min
2026-10-02,ZAQK,Sample Emiten ZAQK Tbk,Healthcare,WAIT,NONE,22.3,0.2986882289983696,0.44404633285347095,0.2572654381481594,-0.0007745995481661392,0.15918743976408958,3020.0,2990.0,3020.0,3050.0,2840.0,3290.0,3410.0,1.8333333333333333,LOW,13,1300,3926000.0,234000.0,STRONG_BEAR,50.0,setup_not_confirmed;probability_below_min;expected_return_not_positive;score_below_buy_min
2026-10-02,ZANK,Sample Emiten ZANK Tbk,Infrastructures,WAIT,NONE,20.9,0.3195892736459568,0.3608859255806298,0.31952480077341333,-0.005215670607111463,0.16412926544072193,154.0,151.0,154.0,157.0,141.0,173.0,186.0,1.9615384615384617,LOW,192,19200,2956800.0,249600.0,STRONG_BEAR,51.24999999999999,setup_not_confirmed;probability_below_min;expected_return_not_positive;score_below_buy_min
2026-10-02,ZBNK,Sample Emiten ZBNK Tbk,Consumer Non-Cyclicals,WAIT,NONE,18.6,0.29078386164006775,0.4202812212876139,0.2889349170723183,-0.004207455101898497,0.17169139170537018,18925.0,18725.0,18925.0,19125.0,17825.0,20575.0,20625.0,1.5227272727272727,LOW,2,200,3785000.0,220000.0,STRONG_BEAR,65.0,setup_not_confirmed;probability_below_min;expected_return_not_positive;score_below_buy_min
2026-10-02,ZBGK,Sample Emiten ZBGK Tbk,Technology,WAIT,NONE,15.9,0.284191977457798,0.4405266250202754,0.2752813975219266,-0.004090123683949546,0.16873451458547892,2970.0,2940.0,2970.0,3000.0,2820.0,3190.0,3230.0,1.6,LOW,16,1600,4752000.0,240000.0,STRONG_BEAR,16.25,setup_not_confirmed;probability_below_min;expected_return_not_positive;score_below_buy_min
2026-10-02,ZABK,Sample Emiten ZABK Tbk,Energy,AVOID,HH_HL,44.8,0.31453097746314884,0.452089268893742,0.23337975364310926,0.0036295557294213085,0.19402398050072567,286.0,282.0,286.0,290.0,268.0,310.0,330.0,1.3333333333333333,LOW,138,13800,3946800.0,248400.0,STRONG_BEAR,82.5,illiquid;risk_reward_below_min;probability_below_min;score_below_buy_min
2026-10-02,ZBPK,Sample Emiten ZBPK Tbk,Infrastructures,AVOID,NONE,28.6,0.3182920460099043,0.5353938033881698,0.14631415060192593,0.005431560533340667,0.2482946216856617,50.0,49.0,50.0,51.0,49.0,50.0,52.0,0.0,LOW,2500,250000,12500000.0,250000.0,STRONG_BEAR,51.24999999999999,illiquid;setup_not_confirmed;risk_reward_below_min;probability_below_min;score_below_buy_min
2026-10-02,ZBFK,Sample Emiten ZBFK Tbk,Infrastructures,AVOID,NONE,26.8,0.3068387872074425,0.4266759347019507,0.26648527809060685,0.001289529180611539,0.17421254950585194,58.0,57.0,58.0,59.0,54.0,62.0,68.0,1.0,LOW,625,62500,3625000.0,250000.0,STRONG_BEAR,51.24999999999999,illiquid;setup_not_confirmed;risk_reward_below_min;probability_below_min;score_below_buy_min
2026-10-02,ZAPK,Sample Emiten ZAPK Tbk,Technology,AVOID,NONE,22.6,0.26045140763576996,0.5410566981008434,0.19849189426338656,0.002395626522054344,0.2026181884980955,50.0,49.0,50.0,51.0,49.0,50.0,52.0,0.0,LOW,2500,250000,12500000.0,250000.0,STRONG_BEAR,16.25,illiquid;setup_not_confirmed;risk_reward_below_min;probability_below_min;score_below_buy_min
2026-10-02,ZBMK,Sample Emiten ZBMK Tbk,Basic Materials,AVOID,NONE,21.5,0.2979278309217922,0.4128165841393626,0.2892555849388452,-0.004597299279120205,0.1717674168476028,79.0,78.0,79.0,80.0,74.0,86.0,90.0,1.8,LOW,500,50000,3950000.0,250000.0,STRONG_BEAR,41.25,illiquid;setup_not_confirmed;probability_below_min;expected_return_not_positive;score_below_buy_min
2026-10-02,ZBHK,Sample Emiten ZBHK Tbk,Healthcare,AVOID,NONE,19.5,0.2931196731016572,0.3864710850051779,0.320409241893165,-0.010517781930510879,0.14445135773737897,158.0,156.0,158.0,160.0,147.0,174.0,175.0,1.5,LOW,227,22700,3586600.0,249700.0,STRONG_BEAR,50.0,illiquid;setup_not_confirmed;probability_below_min;bearish_outweighs_bullish;expected_return_not_positive;score_below_buy_min
2026-10-02,ZBBK,Sample Emiten ZBBK Tbk,Financials,AVOID,NONE,17.9,0.3028452395077754,0.3845558728537979,0.3125988876384268,-0.005644246954016441,0.15120412428966898,1010.0,995.0,1010.0,1025.0,930.0,1130.0,1210.0,2.0,LOW,31,3100,3131000.0,248000.0,STRONG_BEAR,48.75,setup_not_confirmed;probability_below_min;bearish_outweighs_bullish;expected_return_not_positive;score_below_buy_min
2026-10-02,ZILL,Sample Emiten ZILL Tbk,Healthcare,AVOID,NONE,16.8,0.2906882573166505,0.4331405907757727,0.27617115190757685,-0.002408493592037632,0.17497420201625533,1820.0,1800.0,1820.0,1840.0,1720.0,1970.0,2070.0,2.0,LOW,17,1700,3094000.0,170000.0,STRONG_BEAR,50.0,illiquid;setup_not_confirmed;probability_below_min;expected_return_not_positive;score_below_buy_min
2026-10-02,ZIPO,Sample Emiten ZIPO Tbk,Technology,AVOID,NONE,13.8,0.2764057557787992,0.4494634979190892,0.27413074630211165,-0.006107250578168016,0.14961568531285918,166.0,164.0,166.0,168.0,157.0,179.0,188.0,1.9444444444444446,LOW,277,27700,4598200.0,249300.0,STRONG_BEAR,16.25,illiquid;setup_not_confirmed;probability_below_min;expected_return_not_positive;score_below_buy_min
2026-10-02,ZBRK,Sample Emiten ZBRK Tbk,Healthcare,AVOID,NONE,12.8,0.28591696006527667,0.4083162379478853,0.305766801986838,-0.008606684676497812,0.13893427923892027,780.0,770.0,780.0,790.0,730.0,855.0,905.0,2.0,LOW,50,5000,3900000.0,250000.0,STRONG_BEAR,50.0,setup_not_confirmed;probability_below_min;bearish_outweighs_bullish;expected_return_not_positive;score_below_buy_min
2026-10-02,ZAJK,Sample Emiten ZAJK Tbk,Financials,AVOID,NONE,12.3,0.2866908236607202,0.41151251055254723,0.30179666578673253,-0.00901030688287585,0.16480925677941102,230.0,226.0,230.0,234.0,216.0,250.0,260.0,1.7857142857142856,LOW,178,17800,4094000.0,249200.0,STRONG_BEAR,48.75,setup_not_confirmed;probability_below_min;bearish_outweighs_bullish;expected_return_not_positive;score_below_buy_min
2026-10-02,ZAMK,Sample Emiten ZAMK Tbk,Consumer Non-Cyclicals,AVOID,NONE,12.3,0.2661236580594738,0.45566416836838086,0.27821217357214534,-0.011103749067346413,0.12647027698338584,9750.0,9650.0,9750.0,9850.0,9200.0,10575.0,11125.0,2.0,LOW,4,400,3900000.0,220000.0,STRONG_BEAR,65.0,setup_not_confirmed;probability_below_min;bearish_outweighs_bullish;expected_return_not_positive;score_below_buy_min
2026-10-02,ZSPL,Sample Emiten ZSPL Tbk,Energy,AVOID,NONE,12.0,0.279435885670701,0.40859647001820076,0.3119676443110982,-0.011886964973994454,0.14252393907545374,1080.0,1065.0,1080.0,1095.0,1005.0,1190.0,1265.0,1.9666666666666668,LOW,33,3300,3564000.0,247500.0,STRONG_BEAR,82.5,setup_not_confirmed;probability_below_min;bearish_outweighs_bullish;expected_return_not_positive;score_below_buy_min
2026-10-02,ZAUK,Sample Emiten ZAUK Tbk,Basic Materials,AVOID,NONE,10.4,0.2738042802030872,0.41838604504693516,0.30780967474997756,-0.010438314010489301,0.14208413914823925,21325.0,21100.0,21325.0,21550.0,20000.0,23300.0,24625.0,1.990566037735849,LOW,1,100,2132500.0,132500.0,STRONG_BEAR,41.25,setup_not_confirmed;probability_below_min;bearish_outweighs_bullish;expected_return_not_positive;score_below_buy_min
2026-10-02,ZAFK,Sample Emiten ZAFK Tbk,Technology,AVOID,NONE,9.4,0.2764412593272649,0.4268857505024964,0.29667299017023874,-0.00744182421539025,0.14339415697207925,244.0,240.0,244.0,248.0,228.0,268.0,284.0,2.0,LOW,156,15600,3806400.0,249600.0,STRONG_BEAR,16.25,illiquid;setup_not_confirmed;probability_below_min;bearish_outweighs_bullish;expected_return_not_positive;score_below_buy_min
2026-10-02,ZAXK,Sample Emiten ZAXK Tbk,Technology,AVOID,NONE,8.6,0.28937322148576083,0.3893928914469682,0.32123388706727096,-0.013205943405704907,0.14570010698470173,50.0,49.0,50.0,51.0,46.0,56.0,60.0,2.0,LOW,625,62500,3125000.0,250000.0,STRONG_BEAR,16.25,illiquid;setup_not_confirmed;probability_below_min;bearish_outweighs_bullish;expected_return_not_positive;score_below_buy_min
2026-10-02,ZBQK,Sample Emiten ZBQK Tbk,Technology,AVOID,NONE,7.9,0.28058421238608605,0.40161420345199816,0.3178015841619157,-0.010226112476620237,0.10228045011844204,2340.0,2300.0,2340.0,2380.0,2140.0,2640.0,2840.0,2.0,LOW,12,1200,2808000.0,240000.0,STRONG_BEAR,16.25,setup_not_confirmed;probability_below_min;bearish_outweighs_bullish;expected_return_not_positive;score_below_buy_min
2026-10-02,ZALK,Sample Emiten ZALK Tbk,Basic Materials,AVOID,NONE,7.1,0.2756974339889321,0.41248003844966313,0.3118225275614048,-0.011253326319924026,0.10946725699665147,288.0,284.0,288.0,292.0,266.0,320.0,342.0,1.9545454545454546,LOW,113,11300,3254400.0,248600.0,STRONG_BEAR,41.25,setup_not_confirmed;probability_below_min;bearish_outweighs_bullish;expected_return_not_positive;score_below_buy_min
