ticker,name,sector,subsector,listing_date,delisting_date,board
BBCA,,,,,,
BBRI,,,,,,
BMRI,,,,,,
BBNI,,,,,,
BBTN,,,,,,
BRIS,,,,,,
ARTO,,,,,,
TLKM,,,,,,
ISAT,,,,,,
EXCL,,,,,,
ASII,,,,,,
UNTR,,,,,,
UNVR,,,,,,
ICBP,,,,,,
INDF,,,,,,
MYOR,,,,,,
CPIN,,,,,,
JPFA,,,,,,
KLBF,,,,,,
AMRT,,,,,,
ADRO,,,,,,
PTBA,,,,,,
ITMG,,,,,,
MEDC,,,,,,
PGAS,,,,,,
ANTM,,,,,,
INCO,,,,,,
MDKA,,,,,,
TINS,,,,,,
SMGR,,,,,,
INTP,,,,,,
JSMR,,,,,,
BSDE,,,,,,
CTRA,,,,,,
PWON,,,,,,
GOTO,,,,,,
EMTK,,,,,,
ACES,,,,,,
MAPI,,,,,,
INKP,,,,,,
